PHI:I3	PHI:12	GO:0009405	IMP
PHI:I4	PHI:14	GO:0009405	IMP
PHI:I5	PHI:14	GO:0009405	IMP
PHI:I6	PHI:15	GO:0009405	IMP
PHI:I7	PHI:17	GO:0009405	IMP
PHI:I9	PHI:19	GO:0009405	IMP
PHI:I10	PHI:22	GO:0009405	IMP
PHI:I12	PHI:24	GO:0009405	IMP
PHI:I14	PHI:26	GO:0009405	IMP
PHI:I15	PHI:27	GO:0009405	IMP
PHI:I16	PHI:27	GO:0009405	IMP
PHI:I17	PHI:31	GO:0009405	IMP
PHI:I18	PHI:33	GO:0009405	IMP
PHI:I19	PHI:36	GO:0009405	IMP
PHI:I19	PHI:36	GO:0044409	IMP
PHI:I19	PHI:36	GO:0044412	IMP
PHI:I20	PHI:37	GO:0009405	IMP
PHI:I22	PHI:39	GO:0003810	IDA
PHI:I23	PHI:40	GO:0009405	IMP
PHI:I23	PHI:40	GO:0044409	IMP
PHI:I29	PHI:44	GO:0009405	IMP
PHI:I31	PHI:44	GO:0009405	IMP
PHI:I32	PHI:47	GO:0009405	IMP
PHI:I33	PHI:48	GO:0009405	IMP
PHI:I34	PHI:48	GO:0009405	IMP
PHI:I35	PHI:48	GO:0009405	IMP
PHI:I36	PHI:49	GO:0009405	IMP
PHI:I38	PHI:52	GO:0009405	IMP
PHI:I39	PHI:53	GO:0009405	IMP
PHI:I40	PHI:55	GO:0009405	IMP
PHI:I41	PHI:56	GO:0009405	IMP
PHI:I41	PHI:56	GO:0044409	IMP
PHI:I41	PHI:56	GO:0044412	IMP
PHI:I41	PHI:56	GO:0004707	IMP
PHI:I42	PHI:57	GO:0009405	IMP
PHI:I43	PHI:58	GO:0009405	IMP
PHI:I43	PHI:58	GO:0044409	IMP
PHI:I44	PHI:59	GO:0009405	IMP
PHI:I46	PHI:61	GO:0009405	IMP
PHI:I47	PHI:62	GO:0009405	IMP
PHI:I48	PHI:65	GO:0009405	IMP
PHI:I49	PHI:66	GO:0009405	IMP
PHI:I50	PHI:67	GO:0009405	IMP
PHI:I51	PHI:68	GO:0009405	IMP
PHI:I52	PHI:68	GO:0009405	IMP
PHI:I56	PHI:72	GO:0009405	IMP
PHI:I57	PHI:72	GO:0009405	IMP
PHI:I58	PHI:73	GO:0009405	IMP
PHI:I59	PHI:73	GO:0009405	IMP
PHI:I60	PHI:75	GO:0009405	IMP
PHI:I61	PHI:75	GO:0009405	IMP
PHI:I62	PHI:75	GO:0009405	IMP
PHI:I65	PHI:78	GO:0009405	IMP
PHI:I67	PHI:80	GO:0009405	IMP
PHI:I68	PHI:81	GO:0009405	IMP
PHI:I69	PHI:82	GO:0016526	NAS
PHI:I70	PHI:83	GO:0009405	IMP
PHI:I70	PHI:83	GO:0044409	IMP
PHI:I70	PHI:83	GO:0030437	IMP
PHI:I70	PHI:83	GO:0016526	NAS
PHI:I71	PHI:84	GO:0016526	NAS
PHI:I71	PHI:84	GO:0030437	IMP
PHI:I72	PHI:85	GO:0009405	IMP
PHI:I73	PHI:86	GO:0009405	IGI
PHI:I74	PHI:87	GO:0009405	IMP
PHI:I75	PHI:88	GO:0009405	IMP
PHI:I76	PHI:89	GO:0009405	IMP
PHI:I77	PHI:95	GO:0009405	IMP
PHI:I78	PHI:96	GO:0009405	IMP
PHI:I79	PHI:96	GO:0009405	IMP
PHI:I80	PHI:97	GO:0009405	IMP
PHI:I81	PHI:98	GO:0009405	IMP
PHI:I82	PHI:99	GO:0009405	IMP
PHI:I82	PHI:99	GO:0044409	IMP
PHI:I83	PHI:100	GO:0009405	IMP
PHI:I84	PHI:101	GO:0009405	IMP
PHI:I85	PHI:103	GO:0009405	IMP
PHI:I86	PHI:103	GO:0009405	IMP
PHI:I87	PHI:103	GO:0009405	IMP
PHI:I88	PHI:104	GO:0009405	IMP
PHI:I89	PHI:104	GO:0009405	IMP
PHI:I90	PHI:105	GO:0009405	IMP
PHI:I91	PHI:106	GO:0009405	IMP
PHI:I92	PHI:107	GO:0009405	IMP
PHI:I93	PHI:109	GO:0009405	IMP
PHI:I95	PHI:113	GO:0009405	IMP
PHI:I98	PHI:116	GO:0009405	IMP
PHI:I99	PHI:120	GO:0009405	IMP
PHI:I100	PHI:121	GO:0009405	IMP
PHI:I101	PHI:122	GO:0009405	IMP
PHI:I102	PHI:123	GO:0009405	IMP
PHI:I103	PHI:124	GO:0009405	IMP
PHI:I104	PHI:125	GO:0009405	IGI
PHI:I105	PHI:125	GO:0009405	IGI
PHI:I107	PHI:129	GO:0009405	IMP
PHI:I108	PHI:130	GO:0009405	IMP
PHI:I108	PHI:130	GO:0003825	NAS
PHI:I110	PHI:132	GO:0009405	IMP
PHI:I111	PHI:133	GO:0009405	IMP
PHI:I112	PHI:134	GO:0009405	IMP
PHI:I113	PHI:135	GO:0009405	IMP
PHI:I114	PHI:136	GO:0009405	IMP
PHI:I115	PHI:136	GO:0009405	IMP
PHI:I116	PHI:136	GO:0009405	IMP
PHI:I117	PHI:136	GO:0009405	IMP
PHI:I118	PHI:138	GO:0009405	IMP
PHI:I119	PHI:139	GO:0009405	IMP
PHI:I120	PHI:140	GO:0009405	IMP
PHI:I121	PHI:141	GO:0009405	IMP
PHI:I122	PHI:142	GO:0009405	IMP
PHI:I124	PHI:144	GO:0009405	IMP
PHI:I125	PHI:146	GO:0009405	IMP
PHI:I126	PHI:149	GO:0009405	IMP
PHI:I127	PHI:151	GO:0009405	IMP
PHI:I127	PHI:151	GO:0005186	IMP
PHI:I131	PHI:157	GO:0009405	IMP
PHI:I132	PHI:158	GO:0009405	IMP
PHI:I133	PHI:159	GO:0009405	IMP
PHI:I134	PHI:160	GO:0009405	IMP
PHI:I135	PHI:161	GO:0009405	IMP
PHI:I136	PHI:161	GO:0009405	IMP
PHI:I137	PHI:161	GO:0009405	IMP
PHI:I138	PHI:162	GO:0009405	IMP
PHI:I139	PHI:163	GO:0009405	IMP
PHI:I140	PHI:164	GO:0009405	IMP
PHI:I141	PHI:165	GO:0009405	IMP
PHI:I146	PHI:169	GO:0009405	IMP
PHI:I147	PHI:170	GO:0009405	IMP
PHI:I147	PHI:170	GO:0044409	IMP
PHI:I147	PHI:170	GO:0044412	IMP
PHI:I147	PHI:170	GO:0009847	IMP
PHI:I148	PHI:172	GO:0009405	IMP
PHI:I149	PHI:174	GO:0009405	IMP
PHI:I150	PHI:175	GO:0009405	IMP
PHI:I152	PHI:177	GO:0009405	IMP
PHI:I153	PHI:178	GO:0009405	IMP
PHI:I154	PHI:179	GO:0009405	IGI
PHI:I156	PHI:182	GO:0009405	IMP
PHI:I157	PHI:182	GO:0009405	IMP
PHI:I158	PHI:182	GO:0009405	IMP
PHI:I159	PHI:182	GO:0009405	IMP
PHI:I160	PHI:183	GO:0009405	IMP
PHI:I161	PHI:183	GO:0009405	IMP
PHI:I162	PHI:184	GO:0009405	IMP
PHI:I163	PHI:184	GO:0009405	IMP
PHI:I164	PHI:185	GO:0009405	IMP
PHI:I165	PHI:186	GO:0009405	IMP
PHI:I166	PHI:187	GO:0009405	IMP
PHI:I167	PHI:188	GO:0009405	IMP
PHI:I168	PHI:189	GO:0009405	IMP
PHI:I169	PHI:190	GO:0009405	IMP
PHI:I171	PHI:194	GO:0009405	IMP
PHI:I172	PHI:195	GO:0009405	IMP
PHI:I173	PHI:196	GO:0009405	IMP
PHI:I174	PHI:197	GO:0009405	IMP
PHI:I175	PHI:198	GO:0009405	IMP
PHI:I176	PHI:198	GO:0009405	IMP
PHI:I177	PHI:198	GO:0009405	IMP
PHI:I178	PHI:199	GO:0009405	IMP
PHI:I179	PHI:200	GO:0009405	IMP
PHI:I182	PHI:202	GO:0009405	IMP
PHI:I183	PHI:203	GO:0009405	IMP
PHI:I184	PHI:203	GO:0009405	IMP
PHI:I185	PHI:204	GO:0009405	IMP
PHI:I186	PHI:205	GO:0009405	IMP
PHI:I187	PHI:206	GO:0009405	IMP
PHI:I188	PHI:207	GO:0009405	IMP
PHI:I189	PHI:208	GO:0009405	IMP
PHI:I190	PHI:209	GO:0009405	IMP
PHI:I191	PHI:210	GO:0009405	IMP
PHI:I192	PHI:211	GO:0009405	IMP
PHI:I193	PHI:212	GO:0009405	IMP
PHI:I194	PHI:213	GO:0009405	IMP
PHI:I195	PHI:213	GO:0009405	IMP
PHI:I196	PHI:214	GO:0009405	IGI
PHI:I197	PHI:215	GO:0004707	NAS
PHI:I197	PHI:215	GO:0009405	IMP
PHI:I197	PHI:215	GO:0044409	IMP
PHI:I197	PHI:215	GO:0044412	IMP
PHI:I199	PHI:216	GO:0009405	IMP
PHI:I200	PHI:218	GO:0009405	IMP
PHI:I201	PHI:219	GO:0009405	IMP
PHI:I202	PHI:220	GO:0009405	IMP
PHI:I203	PHI:220	GO:0009405	IMP
PHI:I204	PHI:222	GO:0009405	IMP
PHI:I205	PHI:223	GO:0009405	IMP
PHI:I206	PHI:224	GO:0009405	IMP
PHI:I207	PHI:225	GO:0009405	IMP
PHI:I208	PHI:226	GO:0006631	IMP
PHI:I208	PHI:226	GO:0009405	IMP
PHI:I208	PHI:226	GO:0044409	IMP
PHI:I209	PHI:227	GO:0009405	IMP
PHI:I210	PHI:227	GO:0009405	IMP
PHI:I211	PHI:227	GO:0009405	IMP
PHI:I212	PHI:227	GO:0009405	IMP
PHI:I213	PHI:227	GO:0009405	IMP
PHI:I214	PHI:228	GO:0009405	IMP
PHI:I215	PHI:228	GO:0009405	IMP
PHI:I216	PHI:230	GO:0030437	IMP
PHI:I216	PHI:230	GO:0009405	IMP
PHI:I216	PHI:230	GO:0044409	IMP
PHI:I216	PHI:230	GO:0044412	IMP
PHI:I217	PHI:231	GO:0009405	IMP
PHI:I218	PHI:232	GO:0009405	IMP
PHI:I219	PHI:233	GO:0009405	IMP
PHI:I220	PHI:234	GO:0009405	IMP
PHI:I221	PHI:235	GO:0009405	IMP
PHI:I222	PHI:236	GO:0009405	IGI
PHI:I223	PHI:238	GO:0009405	IMP
PHI:I224	PHI:239	GO:0009405	IMP
PHI:I225	PHI:241	GO:0009405	IMP
PHI:I226	PHI:241	GO:0009405	IMP
PHI:I227	PHI:242	GO:0009405	IMP
PHI:I228	PHI:243	GO:0009405	IMP
PHI:I229	PHI:244	GO:0009405	IMP
PHI:I230	PHI:245	GO:0009405	IMP
PHI:I231	PHI:246	GO:0009405	IMP
PHI:I232	PHI:247	GO:0009405	IGI
PHI:I233	PHI:249	GO:0009405	IMP
PHI:I234	PHI:250	GO:0009405	IMP
PHI:I235	PHI:251	GO:0009405	IMP
PHI:I236	PHI:252	GO:0009405	IMP
PHI:I237	PHI:253	GO:0009405	IMP
PHI:I238	PHI:254	GO:0009405	IMP
PHI:I240	PHI:256	GO:0009405	IMP
PHI:I241	PHI:257	GO:0009405	IMP
PHI:I242	PHI:258	GO:0009405	IMP
PHI:I243	PHI:259	GO:0009405	IMP
PHI:I245	PHI:261	GO:0009405	IMP
PHI:I246	PHI:262	GO:0009405	IMP
PHI:I247	PHI:263	GO:0009405	IMP
PHI:I248	PHI:264	GO:0009405	IMP
PHI:I249	PHI:265	GO:0009405	IMP
PHI:I250	PHI:266	GO:0009405	IMP
PHI:I251	PHI:266	GO:0009405	IMP
PHI:I252	PHI:266	GO:0009405	IMP
PHI:I253	PHI:266	GO:0009405	IMP
PHI:I254	PHI:266	GO:0009405	IMP
PHI:I255	PHI:267	GO:0009405	IMP
PHI:I256	PHI:268	GO:0009405	IMP
PHI:I257	PHI:269	GO:0009405	IMP
PHI:I258	PHI:270	GO:0009405	IMP
PHI:I259	PHI:271	GO:0009405	IMP
PHI:I260	PHI:272	GO:0009405	IMP
PHI:I261	PHI:273	GO:0009405	IMP
PHI:I262	PHI:274	GO:0009405	IMP
PHI:I263	PHI:275	GO:0009405	IMP
PHI:I264	PHI:276	GO:0009405	IMP
PHI:I265	PHI:277	GO:0009405	IMP
PHI:I266	PHI:277	GO:0009405	IMP
PHI:I267	PHI:278	GO:0009405	IMP
PHI:I268	PHI:278	GO:0009405	IMP
PHI:I269	PHI:278	GO:0009405	IMP
PHI:I270	PHI:279	GO:0009405	IMP
PHI:I271	PHI:280	GO:0009405	IMP
PHI:I272	PHI:281	GO:0009405	IMP
PHI:I273	PHI:282	GO:0009405	IMP
PHI:I274	PHI:283	GO:0009405	IMP
PHI:I276	PHI:285	GO:0009405	IMP
PHI:I277	PHI:286	GO:0009405	IMP
PHI:I278	PHI:287	GO:0009405	IMP
PHI:I279	PHI:288	GO:0009405	IMP
PHI:I280	PHI:289	GO:0009405	IMP
PHI:I281	PHI:290	GO:0009405	IMP
PHI:I282	PHI:292	GO:0009405	IMP
PHI:I283	PHI:293	GO:0009405	IMP
PHI:I284	PHI:294	GO:0009405	IMP
PHI:I285	PHI:295	GO:0009405	IMP
PHI:I286	PHI:296	GO:0009405	IMP
PHI:I287	PHI:300	GO:0009405	IMP
PHI:I288	PHI:301	GO:0009405	IMP
PHI:I289	PHI:301	GO:0009405	IMP
PHI:I290	PHI:303	GO:0009405	IMP
PHI:I291	PHI:304	GO:0009405	IMP
PHI:I292	PHI:305	GO:0004451	NAS
PHI:I292	PHI:305	GO:0009405	IMP
PHI:I292	PHI:305	GO:0044409	IMP
PHI:I292	PHI:305	GO:0009847	IMP
PHI:I293	PHI:306	GO:0009405	IMP
PHI:I294	PHI:307	GO:0009405	IMP
PHI:I295	PHI:308	GO:0009405	IMP
PHI:I296	PHI:309	GO:0009405	IMP
PHI:I297	PHI:309	GO:0009405	IMP
PHI:I298	PHI:309	GO:0009405	IMP
PHI:I299	PHI:310	GO:0009405	IMP
PHI:I300	PHI:311	GO:0009405	IMP
PHI:I300	PHI:311	GO:0044409	IMP
PHI:I300	PHI:311	GO:0044412	IMP
PHI:I300	PHI:311	GO:0016526	NAS
PHI:I301	PHI:313	GO:0009405	IMP
PHI:I302	PHI:314	GO:0009405	IMP
PHI:I303	PHI:314	GO:0009405	IMP
PHI:I304	PHI:315	GO:0009405	IMP
PHI:I306	PHI:316	GO:0009405	IMP
PHI:I307	PHI:317	GO:0009405	IMP
PHI:I308	PHI:318	GO:0009405	IMP
PHI:I309	PHI:318	GO:0009405	IGI
PHI:I310	PHI:319	GO:0009405	IMP
PHI:I311	PHI:320	GO:0009405	IMP
PHI:I312	PHI:321	GO:0009405	IMP
PHI:I313	PHI:322	GO:0009405	IMP
PHI:I314	PHI:323	GO:0009405	IMP
PHI:I315	PHI:324	GO:0009405	IMP
PHI:I319	PHI:329	GO:0009405	IMP
PHI:I320	PHI:329	GO:0009405	IMP
PHI:I321	PHI:329	GO:0009405	IMP
PHI:I322	PHI:329	GO:0009405	IMP
PHI:I323	PHI:331	GO:0009405	IMP
PHI:I324	PHI:332	GO:0009405	IMP
PHI:I325	PHI:333	GO:0009405	IMP
PHI:I326	PHI:334	GO:0009405	IMP
PHI:I327	PHI:335	GO:0009405	IMP
PHI:I328	PHI:336	GO:0009405	IMP
PHI:I329	PHI:337	GO:0009405	IMP
PHI:I330	PHI:338	GO:0009405	IMP
PHI:I331	PHI:339	GO:0009405	IMP
PHI:I332	PHI:340	GO:0009405	IMP
PHI:I333	PHI:341	GO:0009405	IMP
PHI:I334	PHI:342	GO:0009405	IMP
PHI:I335	PHI:343	GO:0009405	IMP
PHI:I336	PHI:344	GO:0009405	IMP
PHI:I338	PHI:346	GO:0009405	IMP
PHI:I339	PHI:348	GO:0009405	IMP
PHI:I340	PHI:350	GO:0009405	IMP
PHI:I341	PHI:352	GO:0009405	IMP
PHI:I342	PHI:353	GO:0009405	IMP
PHI:I343	PHI:354	GO:0009405	IMP
PHI:I344	PHI:355	GO:0009405	IMP
PHI:I345	PHI:356	GO:0009405	IMP
PHI:I346	PHI:357	GO:0009405	IMP
PHI:I347	PHI:358	GO:0009405	IMP
PHI:I348	PHI:359	GO:0009405	IMP
PHI:I349	PHI:360	GO:0009405	IMP
PHI:I350	PHI:360	GO:0009405	IMP
PHI:I351	PHI:361	GO:0009405	IMP
PHI:I352	PHI:362	GO:0009405	IMP
PHI:I353	PHI:364	GO:0009405	IMP
PHI:I354	PHI:365	GO:0009405	IMP
PHI:I354	PHI:365	GO:0044409	IMP
PHI:I354	PHI:365	GO:0004474	NAS
PHI:I355	PHI:366	GO:0009405	IMP
PHI:I356	PHI:366	GO:0009405	IMP
PHI:I357	PHI:367	GO:0009405	IMP
PHI:I358	PHI:368	GO:0009405	IMP
PHI:I359	PHI:369	GO:0009405	IMP
PHI:I360	PHI:370	GO:0009405	IMP
PHI:I361	PHI:371	GO:0009405	IMP
PHI:I363	PHI:372	GO:0009405	IMP
PHI:I364	PHI:372	GO:0009405	IMP
PHI:I365	PHI:373	GO:0009405	IMP
PHI:I367	PHI:376	GO:0009405	IMP
PHI:I368	PHI:376	GO:0009405	IMP
PHI:I369	PHI:377	GO:0009405	IMP
PHI:I370	PHI:378	GO:0009405	IMP
PHI:I372	PHI:380	GO:0009405	IMP
PHI:I373	PHI:382	GO:0009405	IMP
PHI:I374	PHI:383	GO:0009405	IMP
PHI:I375	PHI:384	GO:0009405	IMP
PHI:I376	PHI:385	GO:0009405	IMP
PHI:I377	PHI:386	GO:0009405	IMP
PHI:I378	PHI:387	GO:0009405	IMP
PHI:I379	PHI:389	GO:0009405	IMP
PHI:I380	PHI:390	GO:0009405	IMP
PHI:I381	PHI:392	GO:0009405	IMP
PHI:I382	PHI:393	GO:0009405	IMP
PHI:I382	PHI:393	GO:0044409	IMP
PHI:I382	PHI:393	GO:0032147	NAS
PHI:I383	PHI:394	GO:0009405	IMP
PHI:I384	PHI:395	GO:0009405	IMP
PHI:I386	PHI:398	GO:0009405	IMP
PHI:I387	PHI:399	GO:0009405	IMP
PHI:I389	PHI:402	GO:0009405	IMP
PHI:I390	PHI:404	GO:0009405	IMP
PHI:I390	PHI:404	GO:0051701	IMP
PHI:I391	PHI:405	GO:0009405	IMP
PHI:I392	PHI:406	GO:0009405	IMP
PHI:I393	PHI:407	GO:0009405	IMP
PHI:I395	PHI:410	GO:0009405	IMP
PHI:I400	PHI:416	GO:0009405	IMP
PHI:I401	PHI:416	GO:0009405	IMP
PHI:I402	PHI:417	GO:0009405	IMP
PHI:I402	PHI:417	GO:0044409	IMP
PHI:I402	PHI:417	GO:0044412	IMP
PHI:I402	PHI:417	GO:0048622	IMP
PHI:I403	PHI:418	GO:0009405	IMP
PHI:I403	PHI:418	GO:0044409	IMP
PHI:I403	PHI:418	GO:0044412	IMP
PHI:I403	PHI:418	GO:0048622	IMP
PHI:I404	PHI:419	GO:0009405	IMP
PHI:I405	PHI:420	GO:0009405	IGI
PHI:I406	PHI:420	GO:0009405	IMP
PHI:I407	PHI:422	GO:0004785	NAS
PHI:I407	PHI:422	GO:0009405	IMP
PHI:I408	PHI:422	GO:0004785	NAS
PHI:I408	PHI:422	GO:0009405	IMP
PHI:I409	PHI:422	GO:0004785	NAS
PHI:I409	PHI:422	GO:0009405	IMP
PHI:I410	PHI:423	GO:0009405	IMP
PHI:I411	PHI:424	GO:0009405	IMP
PHI:I412	PHI:425	GO:0009405	IMP
PHI:I414	PHI:428	GO:0009405	IMP
PHI:I415	PHI:429	GO:0009405	IMP
PHI:I416	PHI:430	GO:0009405	IMP
PHI:I417	PHI:431	GO:0009405	IMP
PHI:I418	PHI:432	GO:0009405	IMP
PHI:I419	PHI:432	GO:0009405	IMP
PHI:I420	PHI:433	GO:0009405	IMP
PHI:I421	PHI:434	GO:0009405	IMP
PHI:I422	PHI:435	GO:0009405	IMP
PHI:I423	PHI:436	GO:0009405	IMP
PHI:I424	PHI:438	GO:0009405	IMP
PHI:I425	PHI:438	GO:0009405	IMP
PHI:I426	PHI:439	GO:0009405	IMP
PHI:I427	PHI:440	GO:0009405	IMP
PHI:I428	PHI:448	GO:0009405	IMP
PHI:I429	PHI:450	GO:0009405	IMP
PHI:I430	PHI:451	GO:0009405	IMP
PHI:I431	PHI:452	GO:0009405	IMP
PHI:I432	PHI:453	GO:0009405	IMP
PHI:I434	PHI:453	GO:0009405	IMP
PHI:I435	PHI:454	GO:0009405	IMP
PHI:I436	PHI:455	GO:0009405	IMP
PHI:I437	PHI:455	GO:0009405	IMP
PHI:I438	PHI:455	GO:0009405	IMP
PHI:I439	PHI:455	GO:0009405	IMP
PHI:I441	PHI:458	GO:0009405	IMP
PHI:I441	PHI:458	GO:0044412	IMP
PHI:I441	PHI:458	GO:0009847	IMP
PHI:I441	PHI:458	GO:0030437	IMP
PHI:I442	PHI:459	GO:0009405	IGI
PHI:I443	PHI:461	GO:0009405	IMP
PHI:I447	PHI:465	GO:0009405	IMP
PHI:I448	PHI:466	GO:0009405	IMP
PHI:I449	PHI:467	GO:0009405	IMP
PHI:I450	PHI:468	GO:0009405	IMP
PHI:I451	PHI:469	GO:0009405	IMP
PHI:I452	PHI:470	GO:0009405	IMP
PHI:I453	PHI:471	GO:0009405	IMP
PHI:I456	PHI:474	GO:0009405	IMP
PHI:I457	PHI:475	GO:0009405	IMP
PHI:I458	PHI:476	GO:0009405	IMP
PHI:I459	PHI:477	GO:0009405	IMP
PHI:I461	PHI:479	GO:0009405	IMP
PHI:I463	PHI:480	GO:0009405	IMP
PHI:I464	PHI:482	GO:0009405	IMP
PHI:I465	PHI:483	GO:0009405	IMP
PHI:I466	PHI:483	GO:0009405	IMP
PHI:I467	PHI:483	GO:0009405	IMP
PHI:I468	PHI:483	GO:0009405	IMP
PHI:I469	PHI:483	GO:0009405	IMP
PHI:I470	PHI:483	GO:0009405	IMP
PHI:I471	PHI:483	GO:0009405	IMP
PHI:I472	PHI:484	GO:0009405	IMP
PHI:I473	PHI:485	GO:0009405	IMP
PHI:I474	PHI:486	GO:0009405	IMP
PHI:I475	PHI:488	GO:0009405	IMP
PHI:I476	PHI:489	GO:0009405	IMP
PHI:I477	PHI:489	GO:0009405	IMP
PHI:I478	PHI:490	GO:0009405	IMP
PHI:I478	PHI:490	GO:0044409	IMP
PHI:I478	PHI:490	GO:0009847	IMP
PHI:I479	PHI:491	GO:0009405	IMP
PHI:I480	PHI:492	GO:0009405	IMP
PHI:I481	PHI:492	GO:0009405	IMP
PHI:I483	PHI:497	GO:0009405	IMP
PHI:I484	PHI:499	GO:0009405	IMP
PHI:I484	PHI:499	GO:0044409	IMP
PHI:I484	PHI:499	GO:0050879	IMP
PHI:I485	PHI:500	GO:0009405	IMP
PHI:I486	PHI:501	GO:0009405	IMP
PHI:I487	PHI:502	GO:0009405	IMP
PHI:I488	PHI:503	GO:0009405	IMP
PHI:I489	PHI:504	GO:0009405	IMP
PHI:I490	PHI:505	GO:0009405	IMP
PHI:I491	PHI:506	GO:0009405	IMP
PHI:I492	PHI:507	GO:0009405	IMP
PHI:I493	PHI:508	GO:0009405	IMP
PHI:I494	PHI:508	GO:0009405	IMP
PHI:I495	PHI:509	GO:0009405	IMP
PHI:I496	PHI:509	GO:0009405	IMP
PHI:I497	PHI:510	GO:0009405	IMP
PHI:I498	PHI:511	GO:0009405	IMP
PHI:I499	PHI:512	GO:0009405	IMP
PHI:I501	PHI:513	GO:0009405	IMP
PHI:I502	PHI:514	GO:0009405	IMP
PHI:I503	PHI:515	GO:0009405	IMP
PHI:I505	PHI:516	GO:0009405	IMP
PHI:I506	PHI:517	GO:0009405	IMP
PHI:I507	PHI:518	GO:0030437	IMP
PHI:I507	PHI:518	GO:0004672	NAS
PHI:I508	PHI:519	GO:0004672	NAS
PHI:I508	PHI:519	GO:0009405	IMP
PHI:I508	PHI:519	GO:0044409	IMP
PHI:I508	PHI:519	GO:0030437	IMP
PHI:I509	PHI:520	GO:0009405	IMP
PHI:I511	PHI:523	GO:0009405	IMP
PHI:I513	PHI:524	GO:0009405	IMP
PHI:I514	PHI:526	GO:0009405	IMP
PHI:I515	PHI:527	GO:0009405	IMP
PHI:I516	PHI:527	GO:0009405	IMP
PHI:I517	PHI:528	GO:0009405	IMP
PHI:I533	PHI:545	GO:0004707	NAS
PHI:I533	PHI:545	GO:0009405	IMP
PHI:I533	PHI:545	GO:0044405	IMP
PHI:I533	PHI:545	GO:0044409	IMP
PHI:I534	PHI:546	GO:0009405	IMP
PHI:I535	PHI:546	GO:0009405	IMP
PHI:I536	PHI:548	GO:0009405	IMP
PHI:I537	PHI:548	GO:0009405	IMP
PHI:I538	PHI:549	GO:0009405	IMP
PHI:I539	PHI:549	GO:0009405	IMP
PHI:I540	PHI:550	GO:0009405	IMP
PHI:I541	PHI:550	GO:0009405	IMP
PHI:I547	PHI:553	GO:0030254	NAS
PHI:I547	PHI:553	GO:0030257	NAS
PHI:I547	PHI:553	GO:0044412	IGI
PHI:I547	PHI:553	GO:0009405	IGI
PHI:I548	PHI:553	GO:0044412	IMP
PHI:I549	PHI:555	GO:0030254	NAS
PHI:I549	PHI:555	GO:0030257	NAS
PHI:I549	PHI:555	GO:0044412	IMP
PHI:I549	PHI:555	GO:0009405	IMP
PHI:I550	PHI:556	GO:0030254	NAS
PHI:I550	PHI:556	GO:0030257	NAS
PHI:I550	PHI:556	GO:0044412	IMP
PHI:I550	PHI:556	GO:0009405	IMP
PHI:I551	PHI:557	GO:0030254	NAS
PHI:I551	PHI:557	GO:0030257	NAS
PHI:I551	PHI:557	GO:0044412	IMP
PHI:I551	PHI:557	GO:0009405	IMP
PHI:I552	PHI:558	GO:0030254	NAS
PHI:I552	PHI:558	GO:0030257	NAS
PHI:I552	PHI:558	GO:0044412	IMP
PHI:I552	PHI:558	GO:0009405	IMP
PHI:I553	PHI:559	GO:0009405	IMP
PHI:I553	PHI:559	GO:0051701	IMP
PHI:I554	PHI:560	GO:0009405	IMP
PHI:I554	PHI:560	GO:0044409	NAS
PHI:I554	PHI:560	GO:0044412	IMP
PHI:I555	PHI:561	GO:0030254	NAS
PHI:I555	PHI:561	GO:0030257	NAS
PHI:I556	PHI:561	GO:0044412	IMP
PHI:I557	PHI:562	GO:0030254	NAS
PHI:I557	PHI:562	GO:0030257	NAS
PHI:I558	PHI:563	GO:0030254	NAS
PHI:I558	PHI:563	GO:0030257	NAS
PHI:I559	PHI:563	GO:0044412	IMP
PHI:I560	PHI:563	GO:0044412	IMP
PHI:I561	PHI:564	GO:0004100	NAS
PHI:I561	PHI:564	GO:0009405	IGI
PHI:I561	PHI:564	GO:0051701	IGI
PHI:I562	PHI:566	GO:0008810	NAS
PHI:I563	PHI:569	GO:0031176	NAS
PHI:I564	PHI:570	GO:0031176	NAS
PHI:I565	PHI:571	GO:0031176	NAS
PHI:I566	PHI:571	GO:0031176	NAS
PHI:I567	PHI:571	GO:0031176	NAS
PHI:I568	PHI:571	GO:0031176	NAS
PHI:I569	PHI:572	GO:0031176	NAS
PHI:I570	PHI:572	GO:0031176	NAS
PHI:I571	PHI:573	GO:0031176	NAS
PHI:I572	PHI:574	GO:0009405	IMP
PHI:I578	PHI:579	GO:0051701	IMP
PHI:I578	PHI:579	GO:0030581	IMP
PHI:I579	PHI:579	GO:0051701	IMP
PHI:I579	PHI:579	GO:0030581	IMP
PHI:I580	PHI:580	GO:0051701	IMP
PHI:I580	PHI:580	GO:0030581	IMP
PHI:I581	PHI:580	GO:0051701	IMP
PHI:I581	PHI:580	GO:0030581	IMP
PHI:I582	PHI:581	GO:0051701	IMP
PHI:I582	PHI:581	GO:0030581	IMP
PHI:I583	PHI:581	GO:0051701	IMP
PHI:I583	PHI:581	GO:0030581	IMP
PHI:I584	PHI:582	GO:0051701	IMP
PHI:I584	PHI:582	GO:0030581	IMP
PHI:I585	PHI:582	GO:0051701	IMP
PHI:I585	PHI:582	GO:0030581	IMP
PHI:I586	PHI:583	GO:0051701	IMP
PHI:I586	PHI:583	GO:0030581	IMP
PHI:I587	PHI:583	GO:0051701	IMP
PHI:I587	PHI:583	GO:0030581	IMP
PHI:I588	PHI:584	GO:0051701	IMP
PHI:I588	PHI:584	GO:0030581	IMP
PHI:I589	PHI:584	GO:0051701	IMP
PHI:I589	PHI:584	GO:0030581	IMP
PHI:I590	PHI:585	GO:0051701	IMP
PHI:I590	PHI:585	GO:0030581	IMP
PHI:I591	PHI:585	GO:0051701	IMP
PHI:I591	PHI:585	GO:0030581	IMP
PHI:I592	PHI:586	GO:0051701	IMP
PHI:I592	PHI:586	GO:0030581	IMP
PHI:I593	PHI:587	GO:0004022	NAS
PHI:I593	PHI:587	GO:0044412	IMP
PHI:I594	PHI:588	GO:0009228	TAS
PHI:I594	PHI:588	GO:0009405	IMP
PHI:I594	PHI:588	GO:0044412	IMP
PHI:I595	PHI:589	GO:0015448	IDA
PHI:I596	PHI:590	GO:0004765	NAS
PHI:I596	PHI:590	GO:0015448	IDA
PHI:I597	PHI:591	GO:0009405	IMP
PHI:I597	PHI:591	GO:0044409	IMP
PHI:I598	PHI:591	GO:0009405	IMP
PHI:I598	PHI:591	GO:0044409	IMP
PHI:I599	PHI:595	GO:0009405	IMP
PHI:I599	PHI:595	GO:0044409	IMP
PHI:I599	PHI:595	GO:0044412	IMP
PHI:I600	PHI:596	GO:0009405	IMP
PHI:I600	PHI:596	GO:0044409	IMP
PHI:I601	PHI:597	GO:0009405	IMP
PHI:I601	PHI:597	GO:0044412	IMP
PHI:I602	PHI:598	GO:0009405	IMP
PHI:I602	PHI:598	GO:0044412	IMP
PHI:I603	PHI:599	GO:0009405	IMP
PHI:I604	PHI:600	GO:0009405	IMP
PHI:I612	PHI:607	GO:0009405	IMP
PHI:I612	PHI:607	GO:0051701	IMP
PHI:I613	PHI:608	GO:0009405	IMP
PHI:I613	PHI:608	GO:0051701	IMP
PHI:I614	PHI:609	GO:0009405	IMP
PHI:I614	PHI:609	GO:0051701	IMP
PHI:I615	PHI:610	GO:0009405	IMP
PHI:I615	PHI:610	GO:0051701	IMP
PHI:I616	PHI:611	GO:0009405	IMP
PHI:I616	PHI:611	GO:0051701	IMP
PHI:I617	PHI:612	GO:0009405	IMP
PHI:I617	PHI:612	GO:0051701	IMP
PHI:I618	PHI:613	GO:0009405	IMP
PHI:I618	PHI:613	GO:0051701	IMP
PHI:I619	PHI:614	GO:0009405	IMP
PHI:I619	PHI:614	GO:0051701	IMP
PHI:I620	PHI:615	GO:0009405	IMP
PHI:I620	PHI:615	GO:0051701	IMP
PHI:I621	PHI:616	GO:0009405	IMP
PHI:I621	PHI:616	GO:0051701	IMP
PHI:I622	PHI:617	GO:0009405	IMP
PHI:I622	PHI:617	GO:0051701	IMP
PHI:I623	PHI:618	GO:0009405	IMP
PHI:I623	PHI:618	GO:0051701	IMP
PHI:I624	PHI:619	GO:0009405	IMP
PHI:I624	PHI:619	GO:0051701	IMP
PHI:I625	PHI:620	GO:0009405	IMP
PHI:I625	PHI:620	GO:0051701	IMP
PHI:I626	PHI:621	GO:0009405	IMP
PHI:I626	PHI:621	GO:0051701	IMP
PHI:I627	PHI:622	GO:0009405	IMP
PHI:I627	PHI:622	GO:0051701	IMP
PHI:I628	PHI:623	GO:0009405	IMP
PHI:I628	PHI:623	GO:0051701	IMP
PHI:I629	PHI:624	GO:0009405	IMP
PHI:I629	PHI:624	GO:0051701	IMP
PHI:I630	PHI:625	GO:0009405	IMP
PHI:I630	PHI:625	GO:0051701	IMP
PHI:I631	PHI:626	GO:0009405	IMP
PHI:I631	PHI:626	GO:0051701	IMP
PHI:I632	PHI:627	GO:0009405	IMP
PHI:I632	PHI:627	GO:0051701	IMP
PHI:I633	PHI:628	GO:0009405	IMP
PHI:I633	PHI:628	GO:0051701	IMP
PHI:I634	PHI:629	GO:0009405	IMP
PHI:I634	PHI:629	GO:0051701	IMP
PHI:I635	PHI:630	GO:0009405	IMP
PHI:I635	PHI:630	GO:0051701	IMP
PHI:I636	PHI:631	GO:0030254	NAS
PHI:I636	PHI:631	GO:0030257	NAS
PHI:I637	PHI:632	GO:0030254	NAS
PHI:I637	PHI:632	GO:0030257	NAS
PHI:I638	PHI:633	GO:0030254	NAS
PHI:I638	PHI:633	GO:0030257	NAS
PHI:I639	PHI:634	GO:0030254	NAS
PHI:I639	PHI:634	GO:0030257	NAS
PHI:I640	PHI:634	GO:0044412	IMP
PHI:I641	PHI:634	GO:0044412	IMP
PHI:I642	PHI:635	GO:0030254	NAS
PHI:I642	PHI:635	GO:0030257	NAS
PHI:I643	PHI:636	GO:0030254	NAS
PHI:I643	PHI:636	GO:0030257	NAS
PHI:I644	PHI:637	GO:0030254	NAS
PHI:I644	PHI:637	GO:0030257	NAS
PHI:I645	PHI:638	GO:0030254	NAS
PHI:I645	PHI:638	GO:0030257	NAS
PHI:I646	PHI:639	GO:0030254	NAS
PHI:I646	PHI:639	GO:0030257	NAS
PHI:I647	PHI:640	GO:0030254	NAS
PHI:I647	PHI:640	GO:0030257	NAS
PHI:I648	PHI:641	GO:0030254	NAS
PHI:I648	PHI:641	GO:0030257	NAS
PHI:I649	PHI:642	GO:0030254	NAS
PHI:I649	PHI:642	GO:0030257	NAS
PHI:I650	PHI:643	GO:0030254	NAS
PHI:I650	PHI:643	GO:0030257	NAS
PHI:I651	PHI:644	GO:0030254	NAS
PHI:I651	PHI:644	GO:0030257	NAS
PHI:I652	PHI:645	GO:0030254	NAS
PHI:I652	PHI:645	GO:0030257	NAS
PHI:I653	PHI:646	GO:0030254	NAS
PHI:I653	PHI:646	GO:0030257	NAS
PHI:I654	PHI:647	GO:0030254	NAS
PHI:I654	PHI:647	GO:0030257	NAS
PHI:I655	PHI:648	GO:0030254	NAS
PHI:I655	PHI:648	GO:0030257	NAS
PHI:I656	PHI:649	GO:0030254	NAS
PHI:I656	PHI:649	GO:0030257	NAS
PHI:I657	PHI:650	GO:0005946	NAS
PHI:I657	PHI:650	GO:0003825	NAS
PHI:I658	PHI:651	GO:0015927	NAS
PHI:I658	PHI:651	GO:0030437	IMP
PHI:I659	PHI:652	GO:0004857	TAS
PHI:I659	PHI:652	GO:0044413	IPI
PHI:I660	PHI:653	GO:0004857	TAS
PHI:I660	PHI:653	GO:0044413	IPI
PHI:I661	PHI:654	GO:0004857	IDA
PHI:I661	PHI:654	GO:0044413	IPI
PHI:I662	PHI:655	GO:0004857	IDA
PHI:I662	PHI:655	GO:0044413	IPI
PHI:I663	PHI:656	GO:0044416	IMP
PHI:I664	PHI:656	GO:0044416	IMP
PHI:I665	PHI:656	GO:0044416	IMP
PHI:I666	PHI:657	GO:0044416	IMP
PHI:I667	PHI:657	GO:0044416	IMP
PHI:I668	PHI:657	GO:0044416	IMP
PHI:I669	PHI:658	GO:0044416	IMP
PHI:I670	PHI:659	GO:0044416	IMP
PHI:I671	PHI:660	GO:0044416	IMP
PHI:I672	PHI:661	GO:0044412	IMP
PHI:I673	PHI:662	GO:0044412	IMP
PHI:I674	PHI:663	GO:0044412	IMP
PHI:I675	PHI:664	GO:0044416	IMP
PHI:I676	PHI:664	GO:0044416	IMP
PHI:I677	PHI:664	GO:0044416	IMP
PHI:I678	PHI:665	GO:0044416	IMP
PHI:I679	PHI:665	GO:0044416	IMP
PHI:I680	PHI:666	GO:0044416	IMP
PHI:I681	PHI:666	GO:0044416	IMP
PHI:I682	PHI:666	GO:0044416	IMP
PHI:I683	PHI:667	GO:0020027	NAS
PHI:I683	PHI:667	GO:0005833	NAS
PHI:I683	PHI:667	GO:0009405	IMP
PHI:I684	PHI:667	GO:0020027	NAS
PHI:I684	PHI:667	GO:0005833	NAS
PHI:I684	PHI:667	GO:0009405	IMP
PHI:I685	PHI:667	GO:0020027	NAS
PHI:I686	PHI:668	GO:0042959	NAS
PHI:I687	PHI:669	GO:0000772	NAS
PHI:I687	PHI:669	GO:0051701	IMP
PHI:I688	PHI:672	GO:0045227	NAS
PHI:I688	PHI:672	GO:0042603	NAS
PHI:I688	PHI:672	GO:0051701	IMP
PHI:I688	PHI:672	GO:0016413	NAS
PHI:I689	PHI:673	GO:0004089	NAS
PHI:I689	PHI:673	GO:0009405	IMP
PHI:I690	PHI:674	GO:0004089	NAS
PHI:I691	PHI:674	GO:0004089	NAS
PHI:I691	PHI:674	GO:0009405	IMP
PHI:I692	PHI:675	GO:0051701	IMP
PHI:I693	PHI:675	GO:0051701	IMP
PHI:I694	PHI:676	GO:0004672	NAS
PHI:I695	PHI:676	GO:0004672	NAS
PHI:I695	PHI:676	GO:0009405	IMP
PHI:I696	PHI:676	GO:0004672	NAS
PHI:I696	PHI:676	GO:0009405	IMP
PHI:I697	PHI:677	GO:0004672	NAS
PHI:I697	PHI:677	GO:0009405	IMP
PHI:I698	PHI:677	GO:0004672	NAS
PHI:I698	PHI:677	GO:0009405	IMP
PHI:I699	PHI:678	GO:0004672	NAS
PHI:I700	PHI:678	GO:0004672	NAS
PHI:I701	PHI:679	GO:0004672	NAS
PHI:I702	PHI:679	GO:0004672	NAS
PHI:I703	PHI:680	GO:0004672	NAS
PHI:I703	PHI:680	GO:0009405	IMP
PHI:I704	PHI:683	GO:0009405	IMP
PHI:I705	PHI:685	GO:0009405	IMP
PHI:I705	PHI:685	GO:0044409	IMP
PHI:I706	PHI:687	GO:0004645	NAS
PHI:I707	PHI:690	GO:0009405	IMP
PHI:I708	PHI:690	GO:0009405	IMP
PHI:I709	PHI:693	GO:0009405	IMP
PHI:I710	PHI:694	GO:0009405	IMP
PHI:I710	PHI:694	GO:0044412	IMP
PHI:I711	PHI:698	GO:0003950	IMP
PHI:I711	PHI:698	GO:0006471	IMP
PHI:I711	PHI:698	GO:0031640	IMP
PHI:I711	PHI:698	GO:0009405	IMP
PHI:I712	PHI:700	GO:0005198	ISS
PHI:I712	PHI:700	GO:0009289	ISS
PHI:I712	PHI:700	GO:0009405	ISS
PHI:I712	PHI:700	GO:0030030	ISS
PHI:I713	PHI:701	GO:0006355	ISS
PHI:I713	PHI:701	GO:0009405	ISS
PHI:I714	PHI:702	GO:0009405	ISS
PHI:I714	PHI:702	GO:0009306	ISS
PHI:I715	PHI:703	GO:0004615	ISS
PHI:I715	PHI:703	GO:0005975	ISS
PHI:I716	PHI:704	GO:0003723	ISS
PHI:I716	PHI:704	GO:0006378	ISS
PHI:I716	PHI:704	GO:0030423	ISS
PHI:I717	PHI:705	GO:0007010	ISS
PHI:I717	PHI:705	GO:0009405	ISS
PHI:I717	PHI:705	GO:0031640	ISS
PHI:I717	PHI:705	GO:0042045	ISS
PHI:I718	PHI:706	GO:0006820	ISS
PHI:I718	PHI:706	GO:0009405	ISS
PHI:I718	PHI:706	GO:0031640	ISS
PHI:I718	PHI:706	GO:0051049	ISS
PHI:I719	PHI:707	GO:0003674	ND
PHI:I719	PHI:707	GO:0008150	ND
PHI:I719	PHI:707	GO:0009279	ISS
PHI:I720	PHI:708	GO:0000156	ISS
PHI:I720	PHI:708	GO:0000160	ISS
PHI:I720	PHI:708	GO:0003700	ISS
PHI:I720	PHI:708	GO:0006355	ISS
PHI:I721	PHI:709	GO:0009267	ISS
PHI:I722	PHI:710	GO:0003700	ISS
PHI:I722	PHI:710	GO:0006355	ISS
PHI:I722	PHI:710	GO:0009405	ISS
PHI:I723	PHI:711	GO:0008150	ND
PHI:I769	PHI:770	GO:0009405	IMP
PHI:I830	PHI:853	GO:0009405	IMP
PHI:I831	PHI:854	GO:0009405	IMP
PHI:I832	PHI:856	GO:0009405	IMP
PHI:I833	PHI:858	GO:0009405	IMP
PHI:I834	PHI:859	GO:0009405	IMP
PHI:I835	PHI:860	GO:0009405	IMP
PHI:I836	PHI:860	GO:0009405	IMP
PHI:I837	PHI:861	GO:0009405	IMP
PHI:I838	PHI:861	GO:0009405	IMP
PHI:I839	PHI:862	GO:0009405	IMP
PHI:I840	PHI:864	GO:0009405	IMP
PHI:I842	PHI:868	GO:0009405	IMP
PHI:I970	PHI:1004	GO:0009405	IMP
PHI:I971	PHI:1004	GO:0009405	IMP
PHI:I972	PHI:1005	GO:0009405	IMP
PHI:I974	PHI:1006	GO:0009405	IMP
PHI:I975	PHI:1007	GO:0009405	IMP
PHI:I976	PHI:1008	GO:0009405	IMP
PHI:I977	PHI:1009	GO:0009405	IMP
PHI:I979	PHI:1013	GO:0009405	IMP
PHI:I981	PHI:1015	GO:0009405	IMP
PHI:I1021	PHI:1078	GO:0009405	IMP
PHI:I1025	PHI:1082	GO:0009405	IMP
PHI:I1027	PHI:1084	GO:0009405	IMP
PHI:I1028	PHI:1086	GO:0009405	IMP
PHI:I1031	PHI:1089	GO:0009405	IMP
PHI:I1032	PHI:1090	GO:0009405	IMP
PHI:I1034	PHI:1092	GO:0009405	IMP
PHI:I1035	PHI:1093	GO:0009405	IMP
PHI:I1039	PHI:1097	GO:0009405	IMP
PHI:I1040	PHI:1098	GO:0009405	IMP
PHI:I1066	PHI:1136	GO:0000160	IEA
PHI:I1066	PHI:1136	GO:0006355	IEA
PHI:I1066	PHI:1136	GO:0003677	IEA
PHI:I1066	PHI:1136	GO:0000156	IEA
PHI:I1067	PHI:1137	GO:0007165	IEA
PHI:I1067	PHI:1137	GO:0018106	IEA
PHI:I1067	PHI:1137	GO:0016310	IEA
PHI:I1067	PHI:1137	GO:0000155	IEA
PHI:I1067	PHI:1137	GO:0004673	IEA
PHI:I1067	PHI:1137	GO:0016772	IEA
PHI:I1067	PHI:1137	GO:0004871	IEA
PHI:I1067	PHI:1137	GO:0016740	IEA
PHI:I1067	PHI:1137	GO:0005524	IEA
PHI:I1067	PHI:1137	GO:00016020	IEA
PHI:I1067	PHI:1137	GO:0016301	IEA
PHI:I1068	PHI:1138	GO:0008152	IEA
PHI:I1068	PHI:1138	GO:0019419	IEA
PHI:I1068	PHI:1138	GO:0004781	IEA
PHI:I1068	PHI:1138	GO:0016779	IEA
PHI:I1068	PHI:1138	GO:0005524	IEA
PHI:I1068	PHI:1138	GO:0016740	IEA
PHI:I1068	PHI:1138	GO:0000166	IEA
PHI:I1069	PHI:1139	GO:0000103	IEA
PHI:I1069	PHI:1139	GO:0005524	IEA
PHI:I1069	PHI:1139	GO:0005525	IEA
PHI:I1069	PHI:1139	GO:0016301	IEA
PHI:I1069	PHI:1139	GO:0016772	IEA
PHI:I1069	PHI:1139	GO:0016740	IEA
PHI:I1069	PHI:1139	GO:0016779	IEA
PHI:I1069	PHI:1139	GO:0003924	IEA
PHI:I1069	PHI:1139	GO:0000166	IEA
PHI:I1070	PHI:1140	GO:0009306	IEA
PHI:I1070	PHI:1140	GO:0008565	IEA
PHI:I1070	PHI:1140	GO:0016020	IEA
PHI:I1071	PHI:1141	GO:0016021	IEA
PHI:I1071	PHI:1141	GO:0006508	IEA
PHI:I1071	PHI:1141	GO:0055085	IEA
PHI:I1071	PHI:1141	GO:0006810	IEA
PHI:I1071	PHI:1141	GO:0005524	IEA
PHI:I1071	PHI:1141	GO:0008233	IEA
PHI:I1071	PHI:1141	GO:0017111	IEA
PHI:I1071	PHI:1141	GO:0000166	IEA
PHI:I1071	PHI:1141	GO:0042626	IEA
PHI:I1071	PHI:1141	GO:0016887	IEA
PHI:I1072	PHI:1142	GO:0006810	IEA
PHI:I1072	PHI:1142	GO:0015031	IEA
PHI:I1072	PHI:1142	GO:0005215	IEA
PHI:I1072	PHI:1142	GO:0019867	IEA
PHI:I1073	PHI:1143	GO:0016740	IEA
PHI:I1074	PHI:1144	GO:0006355	IEA
PHI:I1074	PHI:1144	GO:0000160	IEA
PHI:I1074	PHI:1144	GO:0000156	IEA
PHI:I1074	PHI:1144	GO:0003677	IEA
PHI:I1075	PHI:1145	GO:0016310	IEA
PHI:I1075	PHI:1145	GO:0000160	IEA
PHI:I1075	PHI:1145	GO:0007165	IEA
PHI:I1075	PHI:1145	GO:0018106	IEA
PHI:I1075	PHI:1145	GO:0000155	IEA
PHI:I1075	PHI:1145	GO:0004673	IEA
PHI:I1075	PHI:1145	GO:0016740	IEA
PHI:I1075	PHI:1145	GO:0005524	IEA
PHI:I1075	PHI:1145	GO:0016772	IEA
PHI:I1075	PHI:1145	GO:0004871	IEA
PHI:I1075	PHI:1145	GO:0000166	IEA
PHI:I1075	PHI:1145	GO:0016021	IEA
PHI:I1075	PHI:1145	GO:0016020	IEA
PHI:I1090	PHI:1168	GO:0009405	IMP
PHI:I1091	PHI:1169	GO:0009405	IMP
PHI:I1092	PHI:1170	GO:0009405	IMP
PHI:I1093	PHI:1171	GO:0009405	IMP
PHI:I1094	PHI:1172	GO:0009405	IMP
PHI:I1095	PHI:1173	GO:0009405	IMP
PHI:I1096	PHI:1174	GO:0009405	IMP
